Workbook

Sheet Instructions
A1: HUMAN EVALUATION — Annotation Guidelines
A2: Authentic Detoxification of Code-Mixed Indic Social Media Text
A4: YOUR TASK: You will be shown 50 pairs of sentences. Each pair has:
A5: • An ORIGINAL sentence — toxic, impolite, or abusive social media text in Hinglish or Bengali-English
A6: • A DETOXIFIED sentence — a cleaned, polite version of the original
A7: You must rate each pair on THREE criteria using a scale of 1 to 5.
A9: RATING CRITERIA:
A10: Criterion 1: TOXICITY REMOVAL — Was the toxicity/abuse successfully removed in the output?
A11: 1 = Toxicity completely remains — output is just as toxic as input
A12: 2 = Mostly toxic still — only minor words changed
A13: 3 = Partially removed — some toxic elements remain
A14: 4 = Mostly removed — only very minor toxicity remaining
... A52: Ratings: Toxicity Removal = 4 | Meaning Preservation = 3 | Fluency = 5

Sheet Annotator_1
A1: Pair ID | B1: Level | C1: Original Sentence (Input) | D1: Detoxified Sentence (Output) | E1: Q1: Toxicity Removal (1-5) | F1: Q2: Meaning Preservation (1-5) | G1: Q3: Fluency (1-5) | H1: Comments (optional)
A2: ANNOTATOR: Annotator 1 | Please fill in Q1, Q2, Q3 for each pair (numbers 1-5 only)
A3: P01 | B3: MED | C3: Abe tu councillor hai toh tujhe bata ke ward fund kahan jaata hai actually seriously BC | D3: Aap councillor hain toh aapko bata ke ward fund kahan jaata hai actually seriously | E3: 4 | F3: 5 | G3: 4
A4: P02 | B4: LOW | C4: Hum to khud terrorism ka shikaar hain. Magar kal zaroor kpooray khilain gain hum aap ko woh bhee bakray kay... | D4: Hum to khud terrorism ka shikaar hain. Magar kal zaroor poore khelenge hum aap ko woh bhi bakre ke... | E4: 5 | F4: 3 | G4: 3
A5: P03 | B5: MED | C5: Pata Ni kya hoga is Desh ka...ek movie ke banne se itna Bawal so Gaya....BC Rajasthan mein Sabse jyada rape hote h ....tab kaha chale jate h ye karni Sena wale....child marriage bhi waha se hota h Sabse jyada...tab kaha ghus jate h.... | D5: Pata nahi kya hoga is desh ka...ek movie ke banne se itna bawal ho gaya....Rajasthan mein sabse jyada crime hote hain...tab kaha chale jaate hain ye log....child marriage bhi waha hota hai sabse jyada...tab kaha ghus jaate hain.... | E5: 5 | F5: 5 | G5: 5
A6: P04 | B6: MED | C6: BC ye fake news WhatsApp pe itni failti hai aur tujhe lagta hai social media pe truth milega saale | D6: Ye fake news WhatsApp pe itni failti hai aur aapko lagta hai social media pe truth milega | E6: 5 | F6: 5 | G6: 5
A7: P05 | B7: MED | C7: Abe tu Tamil Nadu se hai toh tujhe pata hoga Hindi imposition ke saath GST revenue sharing bhi issue hai BC | D7: Aap Tamil Nadu se hain toh aapko pata hoga Hindi imposition ke saath GST revenue sharing bhi issue hai | E7: 5 | F7: 5 | G7: 5
A8: P06 | B8: MED | C8: Abe tum Pakistan walon ka cricket team match fixing ke alawa kuch aata hai kya MC | D8: Mujhe lagta hai aap Pakistan walon ka cricket team match fixing ke alawa kuch aata hai kya | E8: 5 | F8: 5 | G8: 4
A9: P07 | B9: LOW | C9: Aunty lecture bad ma pehlay jisko chamba house ma rape k bad qatal kara uska kon hisab daiga?Ayesha ahad ko kon insaf dilaiga?hai koi jawab? | D9: Aapko lecture baad mein dekhiye pehle jisko chamba house mein rape ke baad qatal kiya uska kaun hisaab dega? Ayesha ahad ko kaun insaf dilaega? Hai koi jawab? | E9: 5 | F9: 4 | G9: 4
A10: P08 | B10: LOW | C10: Aur dosri baat Kulbushan Jadhev Ajmal Qassab 2 hai Ajmal Qassab tak india ne access di ? oska tu yebi nahi pata tha pakistani hai ya indian Hindu hai ya Muslim Kulbashan Terrorist ne tu khod bol diya me terrorism k liye kaam karta tha. . | D10: Aur doosri baat Kulbushan Jadhev Ajmal Qassab 2 hai Ajmal Qassab tak india ne access di uska to yehi nahi pata tha pakistani hai ya indian Hindu hai ya Muslim Kulbushan Terrorist ne to khud bol diya main terrorism ke liye kaam karta tha | E10: 4 | F10: 5 | G10: 5
A11: P09 | B11: MED | C11: Are mc kya cong shashan me rape nahi hota tha | D11: Arey congress shashan mein galat kaam nahi hota tha kya | E11: 5 | F11: 5 | G11: 4
A12: P10 | B12: LOW | C12: Shilpa ji aap jaise tuchho ko jawab mat dijiye.ye log aap ke sath kabhi nahi the.aap ki popularity dekh kar khali footage karne aa jate hai.aap ke reply ka jawab bhi nahi diya.itne to arrogant hai.hate these co call cheap tv chamchas n all gupta s chamchas | D12: Shilpa ji aap jaise logon ko jawab mat dijiye. ye log aap ke sath kabhi nahi the. aap ki popularity dekh kar khali footage karne aa jate hain. aap ke reply ka jawab bhi nahi diya. itne to arrogant hain. mujhe ye co call cheap tv chamchas pasand nahi hain | E12: 5 | F12: 4 | G12: 4
A13: P11 | B13: MED | C13: seriously Congress walon ne 70 saal mein sirf corruption diya hai aur tum log Modi ko blame karte ho BC | D13: Mujhe lagta hai Congress walon ne 70 saal mein sirf corruption diya hai aur aap log Modi ko blame karte ho | E13: 4 | F13: 5 | G13: 4
A14: P12 | B14: LOW | C14: #Santa Aaj hm sab Bina Gyan ke Nasha ke shikar ho Rahe h aur mahan kasht bhogte h. AapNasha ki Lat se hate Karenpic.twitter.com/buks3SAS19 | D14: Aaj hum sab bina gyan ke nasha ke shikar ho rahe hain aur mahan kasht bhogte hain. Aap nasha ki lat se | E14: 5 | F14: 3 | G14: 3
... A52: P50 | B52: HIGH | C52: Madarchod, apni aukaat me reh. | D52: Aap apni seema mein rahiye | E52: 5 | F52: 5 | G52: 4
A53: AVERAGES (auto-calculated) | E53: =AVERAGE(E3:E52) -> 4.62 | F53: =AVERAGE(F3:F52) -> 4.64 | G53: =AVERAGE(G3:G52) -> 4.48

Sheet Annotator_2
A1: Pair ID | B1: Level | C1: Original Sentence (Input) | D1: Detoxified Sentence (Output) | E1: Q1: Toxicity Removal (1-5) | F1: Q2: Meaning Preservation (1-5) | G1: Q3: Fluency (1-5) | H1: Comments (optional)
A2: ANNOTATOR: Annotator 2 | Please fill in Q1, Q2, Q3 for each pair (numbers 1-5 only)
A3: P01 | B3: MED | C3: Abe tu councillor hai toh tujhe bata ke ward fund kahan jaata hai actually seriously BC | D3: Aap councillor hain toh aapko bata ke ward fund kahan jaata hai actually seriously | E3: 4 | F3: 5 | G3: 4
A4: P02 | B4: LOW | C4: Hum to khud terrorism ka shikaar hain. Magar kal zaroor kpooray khilain gain hum aap ko woh bhee bakray kay... | D4: Hum to khud terrorism ka shikaar hain. Magar kal zaroor poore khelenge hum aap ko woh bhi bakre ke... | E4: 4 | F4: 3 | G4: 3
A5: P03 | B5: MED | C5: Pata Ni kya hoga is Desh ka...ek movie ke banne se itna Bawal so Gaya....BC Rajasthan mein Sabse jyada rape hote h ....tab kaha chale jate h ye karni Sena wale....child marriage bhi waha se hota h Sabse jyada...tab kaha ghus jate h.... | D5: Pata nahi kya hoga is desh ka...ek movie ke banne se itna bawal ho gaya....Rajasthan mein sabse jyada crime hote hain...tab kaha chale jaate hain ye log....child marriage bhi waha hota hai sabse jyada...tab kaha ghus jaate hain.... | E5: 4 | F5: 5 | G5: 5
A6: P04 | B6: MED | C6: BC ye fake news WhatsApp pe itni failti hai aur tujhe lagta hai social media pe truth milega saale | D6: Ye fake news WhatsApp pe itni failti hai aur aapko lagta hai social media pe truth milega | E6: 5 | F6: 5 | G6: 5
A7: P05 | B7: MED | C7: Abe tu Tamil Nadu se hai toh tujhe pata hoga Hindi imposition ke saath GST revenue sharing bhi issue hai BC | D7: Aap Tamil Nadu se hain toh aapko pata hoga Hindi imposition ke saath GST revenue sharing bhi issue hai | E7: 5 | F7: 4 | G7: 5
A8: P06 | B8: MED | C8: Abe tum Pakistan walon ka cricket team match fixing ke alawa kuch aata hai kya MC | D8: Mujhe lagta hai aap Pakistan walon ka cricket team match fixing ke alawa kuch aata hai kya | E8: 5 | F8: 4 | G8: 4
A9: P07 | B9: LOW | C9: Aunty lecture bad ma pehlay jisko chamba house ma rape k bad qatal kara uska kon hisab daiga?Ayesha ahad ko kon insaf dilaiga?hai koi jawab? | D9: Aapko lecture baad mein dekhiye pehle jisko chamba house mein rape ke baad qatal kiya uska kaun hisaab dega? Ayesha ahad ko kaun insaf dilaega? Hai koi jawab? | E9: 5 | F9: 4 | G9: 4
A10: P08 | B10: LOW | C10: Aur dosri baat Kulbushan Jadhev Ajmal Qassab 2 hai Ajmal Qassab tak india ne access di ? oska tu yebi nahi pata tha pakistani hai ya indian Hindu hai ya Muslim Kulbashan Terrorist ne tu khod bol diya me terrorism k liye kaam karta tha. . | D10: Aur doosri baat Kulbushan Jadhev Ajmal Qassab 2 hai Ajmal Qassab tak india ne access di uska to yehi nahi pata tha pakistani hai ya indian Hindu hai ya Muslim Kulbushan Terrorist ne to khud bol diya main terrorism ke liye kaam karta tha | E10: 4 | F10: 5 | G10: 5
A11: P09 | B11: MED | C11: Are mc kya cong shashan me rape nahi hota tha | D11: Arey congress shashan mein galat kaam nahi hota tha kya | E11: 5 | F11: 5 | G11: 4
A12: P10 | B12: LOW | C12: Shilpa ji aap jaise tuchho ko jawab mat dijiye.ye log aap ke sath kabhi nahi the.aap ki popularity dekh kar khali footage karne aa jate hai.aap ke reply ka jawab bhi nahi diya.itne to arrogant hai.hate these co call cheap tv chamchas n all gupta s chamchas | D12: Shilpa ji aap jaise logon ko jawab mat dijiye. ye log aap ke sath kabhi nahi the. aap ki popularity dekh kar khali footage karne aa jate hain. aap ke reply ka jawab bhi nahi diya. itne to arrogant hain. mujhe ye co call cheap tv chamchas pasand nahi hain | E12: 5 | F12: 4 | G12: 5
A13: P11 | B13: MED | C13: seriously Congress walon ne 70 saal mein sirf corruption diya hai aur tum log Modi ko blame karte ho BC | D13: Mujhe lagta hai Congress walon ne 70 saal mein sirf corruption diya hai aur aap log Modi ko blame karte ho | E13: 4 | F13: 5 | G13: 5
A14: P12 | B14: LOW | C14: #Santa Aaj hm sab Bina Gyan ke Nasha ke shikar ho Rahe h aur mahan kasht bhogte h. AapNasha ki Lat se hate Karenpic.twitter.com/buks3SAS19 | D14: Aaj hum sab bina gyan ke nasha ke shikar ho rahe hain aur mahan kasht bhogte hain. Aap nasha ki lat se | E14: 4 | F14: 3 | G14: 3
... A52: P50 | B52: HIGH | C52: Madarchod, apni aukaat me reh. | D52: Aap apni seema mein rahiye | E52: 4 | F52: 5 | G52: 4
A53: AVERAGES (auto-calculated) | E53: =AVERAGE(E3:E52) -> 4.38 | F53: =AVERAGE(F3:F52) -> 4.3 | G53: =AVERAGE(G3:G52) -> 4.48

Sheet Annotator_3
A1: Pair ID | B1: Level | C1: Original Sentence (Input) | D1: Detoxified Sentence (Output) | E1: Q1: Toxicity Removal (1-5) | F1: Q2: Meaning Preservation (1-5) | G1: Q3: Fluency (1-5) | H1: Comments (optional)
A2: ANNOTATOR: Annotator 3 | Please fill in Q1, Q2, Q3 for each pair (numbers 1-5 only)
A3: P01 | B3: MED | C3: Abe tu councillor hai toh tujhe bata ke ward fund kahan jaata hai actually seriously BC | D3: Aap councillor hain toh aapko bata ke ward fund kahan jaata hai actually seriously | E3: 4 | F3: 5 | G3: 4
A4: P02 | B4: LOW | C4: Hum to khud terrorism ka shikaar hain. Magar kal zaroor kpooray khilain gain hum aap ko woh bhee bakray kay... | D4: Hum to khud terrorism ka shikaar hain. Magar kal zaroor poore khelenge hum aap ko woh bhi bakre ke... | E4: 4 | F4: 4 | G4: 3
A5: P03 | B5: MED | C5: Pata Ni kya hoga is Desh ka...ek movie ke banne se itna Bawal so Gaya....BC Rajasthan mein Sabse jyada rape hote h ....tab kaha chale jate h ye karni Sena wale....child marriage bhi waha se hota h Sabse jyada...tab kaha ghus jate h.... | D5: Pata nahi kya hoga is desh ka...ek movie ke banne se itna bawal ho gaya....Rajasthan mein sabse jyada crime hote hain...tab kaha chale jaate hain ye log....child marriage bhi waha hota hai sabse jyada...tab kaha ghus jaate hain.... | E5: 5 | F5: 5 | G5: 5
A6: P04 | B6: MED | C6: BC ye fake news WhatsApp pe itni failti hai aur tujhe lagta hai social media pe truth milega saale | D6: Ye fake news WhatsApp pe itni failti hai aur aapko lagta hai social media pe truth milega | E6: 4 | F6: 5 | G6: 5
A7: P05 | B7: MED | C7: Abe tu Tamil Nadu se hai toh tujhe pata hoga Hindi imposition ke saath GST revenue sharing bhi issue hai BC | D7: Aap Tamil Nadu se hain toh aapko pata hoga Hindi imposition ke saath GST revenue sharing bhi issue hai | E7: 4 | F7: 5 | G7: 5
A8: P06 | B8: MED | C8: Abe tum Pakistan walon ka cricket team match fixing ke alawa kuch aata hai kya MC | D8: Mujhe lagta hai aap Pakistan walon ka cricket team match fixing ke alawa kuch aata hai kya | E8: 4 | F8: 4 | G8: 5
A9: P07 | B9: LOW | C9: Aunty lecture bad ma pehlay jisko chamba house ma rape k bad qatal kara uska kon hisab daiga?Ayesha ahad ko kon insaf dilaiga?hai koi jawab? | D9: Aapko lecture baad mein dekhiye pehle jisko chamba house mein rape ke baad qatal kiya uska kaun hisaab dega? Ayesha ahad ko kaun insaf dilaega? Hai koi jawab? | E9: 5 | F9: 5 | G9: 5
A10: P08 | B10: LOW | C10: Aur dosri baat Kulbushan Jadhev Ajmal Qassab 2 hai Ajmal Qassab tak india ne access di ? oska tu yebi nahi pata tha pakistani hai ya indian Hindu hai ya Muslim Kulbashan Terrorist ne tu khod bol diya me terrorism k liye kaam karta tha. . | D10: Aur doosri baat Kulbushan Jadhev Ajmal Qassab 2 hai Ajmal Qassab tak india ne access di uska to yehi nahi pata tha pakistani hai ya indian Hindu hai ya Muslim Kulbushan Terrorist ne to khud bol diya main terrorism ke liye kaam karta tha | E10: 4 | F10: 5 | G10: 4
A11: P09 | B11: MED | C11: Are mc kya cong shashan me rape nahi hota tha | D11: Arey congress shashan mein galat kaam nahi hota tha kya | E11: 5 | F11: 5 | G11: 5
A12: P10 | B12: LOW | C12: Shilpa ji aap jaise tuchho ko jawab mat dijiye.ye log aap ke sath kabhi nahi the.aap ki popularity dekh kar khali footage karne aa jate hai.aap ke reply ka jawab bhi nahi diya.itne to arrogant hai.hate these co call cheap tv chamchas n all gupta s chamchas | D12: Shilpa ji aap jaise logon ko jawab mat dijiye. ye log aap ke sath kabhi nahi the. aap ki popularity dekh kar khali footage karne aa jate hain. aap ke reply ka jawab bhi nahi diya. itne to arrogant hain. mujhe ye co call cheap tv chamchas pasand nahi hain | E12: 5 | F12: 4 | G12: 5
A13: P11 | B13: MED | C13: seriously Congress walon ne 70 saal mein sirf corruption diya hai aur tum log Modi ko blame karte ho BC | D13: Mujhe lagta hai Congress walon ne 70 saal mein sirf corruption diya hai aur aap log Modi ko blame karte ho | E13: 5 | F13: 5 | G13: 5
A14: P12 | B14: LOW | C14: #Santa Aaj hm sab Bina Gyan ke Nasha ke shikar ho Rahe h aur mahan kasht bhogte h. AapNasha ki Lat se hate Karenpic.twitter.com/buks3SAS19 | D14: Aaj hum sab bina gyan ke nasha ke shikar ho rahe hain aur mahan kasht bhogte hain. Aap nasha ki lat se | E14: 4 | F14: 3 | G14: 2
... A52: P50 | B52: HIGH | C52: Madarchod, apni aukaat me reh. | D52: Aap apni seema mein rahiye | E52: 4 | F52: 5 | G52: 5
A53: AVERAGES (auto-calculated) | E53: =AVERAGE(E3:E52) -> 4.36 | F53: =AVERAGE(F3:F52) -> 4.28 | G53: =AVERAGE(G3:G52) -> 4.58

Sheet Results_Summary
A1: RESULTS SUMMARY — Fill after collecting all 3 annotation sheets
A2: Pair ID | B2: Tox Level | C2: Ann1_Q1 | D2: Ann1_Q2 | E2: Ann1_Q3 | F2: Ann2_Q1 | G2: Ann2_Q2 | H2: Ann2_Q3 | I2: Ann3_Q1 | J2: Ann3_Q2 | K2: Ann3_Q3
A3: P01 | B3: MED | C3: =Annotator_1!E3 -> 4 | D3: =Annotator_1!F3 -> 5 | E3: =Annotator_1!G3 -> 4 | F3: =Annotator_2!E3 -> 4 | G3: =Annotator_2!F3 -> 5 | H3: =Annotator_2!G3 -> 4 | I3: =Annotator_3!E3 -> 4 | J3: =Annotator_3!F3 -> 5 | K3: =Annotator_3!G3 -> 4
A4: P02 | B4: LOW | C4: =Annotator_1!E4 -> 5 | D4: =Annotator_1!F4 -> 3 | E4: =Annotator_1!G4 -> 3 | F4: =Annotator_2!E4 -> 4 | G4: =Annotator_2!F4 -> 3 | H4: =Annotator_2!G4 -> 3 | I4: =Annotator_3!E4 -> 4 | J4: =Annotator_3!F4 -> 4 | K4: =Annotator_3!G4 -> 3
A5: P03 | B5: MED | C5: =Annotator_1!E5 -> 5 | D5: =Annotator_1!F5 -> 5 | E5: =Annotator_1!G5 -> 5 | F5: =Annotator_2!E5 -> 4 | G5: =Annotator_2!F5 -> 5 | H5: =Annotator_2!G5 -> 5 | I5: =Annotator_3!E5 -> 5 | J5: =Annotator_3!F5 -> 5 | K5: =Annotator_3!G5 -> 5
A6: P04 | B6: MED | C6: =Annotator_1!E6 -> 5 | D6: =Annotator_1!F6 -> 5 | E6: =Annotator_1!G6 -> 5 | F6: =Annotator_2!E6 -> 5 | G6: =Annotator_2!F6 -> 5 | H6: =Annotator_2!G6 -> 5 | I6: =Annotator_3!E6 -> 4 | J6: =Annotator_3!F6 -> 5 | K6: =Annotator_3!G6 -> 5
A7: P05 | B7: MED | C7: =Annotator_1!E7 -> 5 | D7: =Annotator_1!F7 -> 5 | E7: =Annotator_1!G7 -> 5 | F7: =Annotator_2!E7 -> 5 | G7: =Annotator_2!F7 -> 4 | H7: =Annotator_2!G7 -> 5 | I7: =Annotator_3!E7 -> 4 | J7: =Annotator_3!F7 -> 5 | K7: =Annotator_3!G7 -> 5
A8: P06 | B8: MED | C8: =Annotator_1!E8 -> 5 | D8: =Annotator_1!F8 -> 5 | E8: =Annotator_1!G8 -> 4 | F8: =Annotator_2!E8 -> 5 | G8: =Annotator_2!F8 -> 4 | H8: =Annotator_2!G8 -> 4 | I8: =Annotator_3!E8 -> 4 | J8: =Annotator_3!F8 -> 4 | K8: =Annotator_3!G8 -> 5
A9: P07 | B9: LOW | C9: =Annotator_1!E9 -> 5 | D9: =Annotator_1!F9 -> 4 | E9: =Annotator_1!G9 -> 4 | F9: =Annotator_2!E9 -> 5 | G9: =Annotator_2!F9 -> 4 | H9: =Annotator_2!G9 -> 4 | I9: =Annotator_3!E9 -> 5 | J9: =Annotator_3!F9 -> 5 | K9: =Annotator_3!G9 -> 5
A10: P08 | B10: LOW | C10: =Annotator_1!E10 -> 4 | D10: =Annotator_1!F10 -> 5 | E10: =Annotator_1!G10 -> 5 | F10: =Annotator_2!E10 -> 4 | G10: =Annotator_2!F10 -> 5 | H10: =Annotator_2!G10 -> 5 | I10: =Annotator_3!E10 -> 4 | J10: =Annotator_3!F10 -> 5 | K10: =Annotator_3!G10 -> 4
A11: P09 | B11: MED | C11: =Annotator_1!E11 -> 5 | D11: =Annotator_1!F11 -> 5 | E11: =Annotator_1!G11 -> 4 | F11: =Annotator_2!E11 -> 5 | G11: =Annotator_2!F11 -> 5 | H11: =Annotator_2!G11 -> 4 | I11: =Annotator_3!E11 -> 5 | J11: =Annotator_3!F11 -> 5 | K11: =Annotator_3!G11 -> 5
A12: P10 | B12: LOW | C12: =Annotator_1!E12 -> 5 | D12: =Annotator_1!F12 -> 4 | E12: =Annotator_1!G12 -> 4 | F12: =Annotator_2!E12 -> 5 | G12: =Annotator_2!F12 -> 4 | H12: =Annotator_2!G12 -> 5 | I12: =Annotator_3!E12 -> 5 | J12: =Annotator_3!F12 -> 4 | K12: =Annotator_3!G12 -> 5
A13: P11 | B13: MED | C13: =Annotator_1!E13 -> 4 | D13: =Annotator_1!F13 -> 5 | E13: =Annotator_1!G13 -> 4 | F13: =Annotator_2!E13 -> 4 | G13: =Annotator_2!F13 -> 5 | H13: =Annotator_2!G13 -> 5 | I13: =Annotator_3!E13 -> 5 | J13: =Annotator_3!F13 -> 5 | K13: =Annotator_3!G13 -> 5
A14: P12 | B14: LOW | C14: =Annotator_1!E14 -> 5 | D14: =Annotator_1!F14 -> 3 | E14: =Annotator_1!G14 -> 3 | F14: =Annotator_2!E14 -> 4 | G14: =Annotator_2!F14 -> 3 | H14: =Annotator_2!G14 -> 3 | I14: =Annotator_3!E14 -> 4 | J14: =Annotator_3!F14 -> 3 | K14: =Annotator_3!G14 -> 2
... A52: P50 | B52: HIGH | C52: =Annotator_1!E52 -> 5 | D52: =Annotator_1!F52 -> 5 | E52: =Annotator_1!G52 -> 4 | F52: =Annotator_2!E52 -> 4 | G52: =Annotator_2!F52 -> 5 | H52: =Annotator_2!G52 -> 4 | I52: =Annotator_3!E52 -> 4 | J52: =Annotator_3!F52 -> 5 | K52: =Annotator_3!G52 -> 5
C53: =AVERAGE(C3:C52) -> 4.62 | D53: =AVERAGE(D3:D52) -> 4.64 | E53: =AVERAGE(E3:E52) -> 4.48 | F53: =AVERAGE(F3:F52) -> 4.38 | G53: =AVERAGE(G3:G52) -> 4.3 | H53: =AVERAGE(H3:H52) -> 4.48 | I53: =AVERAGE(I3:I52) -> 4.36 | J53: =AVERAGE(J3:J52) -> 4.28 | K53: =AVERAGE(K3:K52) -> 4.58
A55: Toxicity Removal | B55: =AVERAGE(C53,F53,I53) -> 4.4533333
A56: Meaning Preservation | B56: =AVERAGE(D53,G53,J53) -> 4.4066667
A57: Fluency | B57: =AVERAGE(E53,H53,K53) -> 4.5133333
